fen,moves,rating,themes,gameurl,moves_alg,final_fen,fen_after_first_move,placement,active,castling,enpassant,number_of_pieces,positions,id
5rk1/1p3ppp/pq3b2/8/8/1P1Q1N2/P4PPP/3R2K1 w - - 2 27,d3d6 f8d8 d6d8 f6d8,1488,advantage endgame short,https://lichess.org/F8M8OS71#53, Qd6 Rd8 Qxd8+ Bxd8,3b2k1/1p3ppp/pq6/8/8/1P3N2/P4PPP/3R2K1 w - - 0 29,5rk1/1p3ppp/pq1Q1b2/8/8/1P3N2/P4PPP/3R2K1 b - - 3 27,5rk1/1p3ppp/pq1Q1b2/8/8/1P3N2/P4PPP/3R2K1,b,-,-,18,"P a2, p a6, P b3, q b6, p b7, R d1, Q d6, P f2, N f3, b f6, p f7, r f8, K g1, P g2, p g7, k g8, P h2, p h7",1
r2qr1k1/b1p2ppp/pp4n1/P1P1p3/4P1n1/B2P2Pb/3NBP1P/RN1QR1K1 b - - 1 16,b6c5 e2g4 h3g4 d1g4,1145,advantage middlegame short,https://lichess.org/4MWQCxQ6/black#32, bxc5 Bxg4 Bxg4 Qxg4,r2qr1k1/b1p2ppp/p5n1/P1p1p3/4P1Q1/B2P2P1/3N1P1P/RN2R1K1 b - - 0 18,r2qr1k1/b1p2ppp/p5n1/P1p1p3/4P1n1/B2P2Pb/3NBP1P/RN1QR1K1 w - - 0 17,r2qr1k1/b1p2ppp/p5n1/P1p1p3/4P1n1/B2P2Pb/3NBP1P/RN1QR1K1,w,-,-,29,"R a1, B a3, P a5, p a6, b a7, r a8, N b1, p c5, p c7, Q d1, N d2, P d3, q d8, R e1, B e2, P e4, p e5, r e8, P f2, p f7, K g1, P g3, n g4, n g6, p g7, k g8, P h2, b h3, p h7",2
r4rk1/pp3ppp/2n1b3/q1pp2B1/8/P1Q2NP1/1PP1PP1P/2KR3R w - - 0 15,g5e7 a5c3 b2c3 c6e7,1407,advantage master middlegame short,https://lichess.org/iihZGl6t#29, Be7 Qxc3 bxc3 Nxe7,r4rk1/pp2nppp/4b3/2pp4/8/P1P2NP1/2P1PP1P/2KR3R w - - 0 17,r4rk1/pp2Bppp/2n1b3/q1pp4/8/P1Q2NP1/1PP1PP1P/2KR3R b - - 1 15,r4rk1/pp2Bppp/2n1b3/q1pp4/8/P1Q2NP1/1PP1PP1P/2KR3R,b,-,-,26,"P a3, q a5, p a7, r a8, P b2, p b7, K c1, P c2, Q c3, p c5, n c6, R d1, p d5, P e2, b e6, B e7, P f2, N f3, p f7, r f8, P g3, p g7, k g8, R h1, P h2, p h7",3
3q1rk1/1pp3pp/5p1P/4pPP1/rb1pP3/3P1N2/b1P1B3/2QK2RR b - - 7 26,d8a8 g5g6 h7g6 h6g7,2306,advancedPawn crushing kingsideAttack middlegame quietMove short,https://lichess.org/FLmpZbTm/black#52, Qa8 g6 hxg6 hxg7,q4rk1/1pp3P1/5pp1/4pP2/rb1pP3/3P1N2/b1P1B3/2QK2RR b - - 0 28,q4rk1/1pp3pp/5p1P/4pPP1/rb1pP3/3P1N2/b1P1B3/2QK2RR w - - 8 27,q4rk1/1pp3pp/5p1P/4pPP1/rb1pP3/3P1N2/b1P1B3/2QK2RR,w,-,-,25,"b a2, r a4, q a8, b b4, p b7, Q c1, P c2, p c7, K d1, P d3, p d4, B e2, P e4, p e5, N f3, P f5, p f6, r f8, R g1, P g5, p g7, k g8, R h1, P h6, p h7",4
4r3/5pk1/1p3np1/3p3p/2qQ4/P4N1P/1P3RP1/7K w - - 6 34,d4b6 f6e4 h1g1 e4f2,2038,crushing endgame short trappedPiece,https://lichess.org/GeXqsW90#67, Qxb6 Ne4 Kg1 Nxf2,4r3/5pk1/1Q4p1/3p3p/2q5/P4N1P/1P3nP1/6K1 w - - 0 36,4r3/5pk1/1Q3np1/3p3p/2q5/P4N1P/1P3RP1/7K b - - 0 34,4r3/5pk1/1Q3np1/3p3p/2q5/P4N1P/1P3RP1/7K,b,-,-,16,"P a3, P b2, Q b6, q c4, p d5, r e8, R f2, N f3, n f6, p f7, P g2, p g6, k g7, K h1, P h3, p h5",5
r2q1rk1/5ppp/1np5/p1b5/2p1B3/P7/1P3PPP/R1BQ1RK1 b - - 1 17,d8f6 d1h5 h7h6 h5c5,1905,advantage middlegame short,https://lichess.org/jcuxlI63/black#34, Qf6 Qh5 h6 Qxc5,r4rk1/5pp1/1np2q1p/p1Q5/2p1B3/P7/1P3PPP/R1B2RK1 b - - 0 19,r4rk1/5ppp/1np2q2/p1b5/2p1B3/P7/1P3PPP/R1BQ1RK1 w - - 2 18,r4rk1/5ppp/1np2q2/p1b5/2p1B3/P7/1P3PPP/R1BQ1RK1,w,-,-,23,"R a1, P a3, p a5, r a8, P b2, n b6, B c1, p c4, b c5, p c6, Q d1, B e4, R f1, P f2, q f6, p f7, r f8, K g1, P g2, p g7, k g8, P h2, p h7",6
2kr3r/pp3p2/4p2p/1N1p2p1/3Q4/1P1P4/2q2PPP/5RK1 b - - 1 20,b7b6 d4a1 a7a5 f1c1,2436,advantage endgame pin short,https://lichess.org/H1ARO2GL/black#40, b6 Qa1 a5 Rc1,2kr3r/5p2/1p2p2p/pN1p2p1/8/1P1P4/2q2PPP/Q1R3K1 b - - 1 22,2kr3r/p4p2/1p2p2p/1N1p2p1/3Q4/1P1P4/2q2PPP/5RK1 w - - 0 21,2kr3r/p4p2/1p2p2p/1N1p2p1/3Q4/1P1P4/2q2PPP/5RK1,w,-,-,20,"p a7, P b3, N b5, p b6, q c2, k c8, P d3, Q d4, p d5, r d8, p e6, R f1, P f2, p f7, K g1, P g2, p g5, P h2, p h6, r h8",7
4r1k1/5ppp/r1p5/p1n1RP2/8/2P2N1P/2P3P1/3R2K1 b - - 0 21,e8e5 d1d8 e5e8 d8e8,1138,backRankMate endgame mate mateIn2 short,https://lichess.org/84RH3LaP/black#42, Rxe5 Rd8+ Re8 Rxe8#,4R1k1/5ppp/r1p5/p1n2P2/8/2P2N1P/2P3P1/6K1 b - - 0 23,6k1/5ppp/r1p5/p1n1rP2/8/2P2N1P/2P3P1/3R2K1 w - - 0 22,6k1/5ppp/r1p5/p1n1rP2/8/2P2N1P/2P3P1/3R2K1,w,-,-,17,"p a5, r a6, P c2, P c3, n c5, p c6, R d1, r e5, N f3, P f5, p f7, K g1, P g2, p g7, k g8, P h3, p h7",8
5r1k/pp4pp/5p2/1BbQp1r1/6K1/7P/1PP3P1/3R3R w - - 2 26,g4h4 c5f2 g2g3 f2g3,1034,mate mateIn2 middlegame short,https://lichess.org/VWOIWtIh#51, Kh4 Bf2+ g3 Bxg3#,5r1k/pp4pp/5p2/1B1Qp1r1/7K/6bP/1PP5/3R3R w - - 0 28,5r1k/pp4pp/5p2/1BbQp1r1/7K/7P/1PP3P1/3R3R b - - 3 26,5r1k/pp4pp/5p2/1BbQp1r1/7K/7P/1PP3P1/3R3R,b,-,-,19,"p a7, P b2, B b5, p b7, P c2, b c5, R d1, Q d5, p e5, p f6, r f8, P g2, r g5, p g7, R h1, P h3, K h4, p h7, k h8",9
2r3k1/p1q2pp1/Q3p2p/b1Np4/2nP1P2/4P1P1/5K1P/2B1N3 b - - 3 33,c7b6 a6c8 g8h7 c8b7,2174,advantage hangingPiece middlegame short,https://lichess.org/BBn6ipaK/black#66, Qb6 Qxc8+ Kh7 Qb7,8/pQ3ppk/1q2p2p/b1Np4/2nP1P2/4P1P1/5K1P/2B1N3 b - - 2 35,2r3k1/p4pp1/Qq2p2p/b1Np4/2nP1P2/4P1P1/5K1P/2B1N3 w - - 4 34,2r3k1/p4pp1/Qq2p2p/b1Np4/2nP1P2/4P1P1/5K1P/2B1N3,w,-,-,21,"b a5, Q a6, p a7, q b6, B c1, n c4, N c5, r c8, P d4, p d5, N e1, P e3, p e6, K f2, P f4, p f7, P g3, p g7, k g8, P h2, p h6",10
8/4R1k1/p5pp/3B4/5q2/8/5P1P/6K1 b - - 5 40,g7f6 e7f7 f6e5 f7f4,1269,advantage endgame master masterVsMaster short skewer superGM,https://lichess.org/bEQkfPQD/black#80, Kf6 Rf7+ Ke5 Rxf4,8/8/p5pp/3Bk3/5R2/8/5P1P/6K1 b - - 0 42,8/4R3/p4kpp/3B4/5q2/8/5P1P/6K1 w - - 6 41,8/4R3/p4kpp/3B4/5q2/8/5P1P/6K1,w,-,-,10,"p a6, B d5, R e7, P f2, q f4, k f6, K g1, p g6, P h2, p h6",11
r3kb1r/pppqpn1p/5p2/3p1bpQ/2PP4/4P1B1/PP3PPP/RN2KB1R w KQkq - 1 11,b1c3 f5g4 h5g4 d7g4,1400,advantage opening short trappedPiece,https://lichess.org/MbJRo6PT#21, Nc3 Bg4 Qxg4 Qxg4,r3kb1r/ppp1pn1p/5p2/3p2p1/2PP2q1/2N1P1B1/PP3PPP/R3KB1R w KQkq - 0 13,r3kb1r/pppqpn1p/5p2/3p1bpQ/2PP4/2N1P1B1/PP3PPP/R3KB1R b KQkq - 2 11,r3kb1r/pppqpn1p/5p2/3p1bpQ/2PP4/2N1P1B1/PP3PPP/R3KB1R,b,KQkq,-,30,"R a1, P a2, p a7, r a8, P b2, p b7, N c3, P c4, p c7, P d4, p d5, q d7, K e1, P e3, p e7, k e8, B f1, P f2, b f5, p f6, n f7, b f8, P g2, B g3, p g5, R h1, P h2, Q h5, p h7, r h8",12
r7/2p2r1k/p2p1q1p/Pp1P4/1P2P3/2PQ4/6R1/R5K1 b - - 2 28,f7g7 e4e5 f6g6 g2g6,1187,crushing discoveredAttack endgame short,https://lichess.org/lxiSa85s/black#56, Rg7 e5+ Qg6 Rxg6,r7/2p3rk/p2p2Rp/Pp1PP3/1P6/2PQ4/8/R5K1 b - - 0 30,r7/2p3rk/p2p1q1p/Pp1P4/1P2P3/2PQ4/6R1/R5K1 w - - 3 29,r7/2p3rk/p2p1q1p/Pp1P4/1P2P3/2PQ4/6R1/R5K1,w,-,-,18,"R a1, P a5, p a6, r a8, P b4, p b5, P c3, p c7, Q d3, P d5, p d6, P e4, q f6, K g1, R g2, r g7, p h6, k h7",13
8/8/kpq5/p4pQp/P7/7P/3r2P1/4R2K b - - 10 48,c6a4 g5d2,978,crushing endgame hangingPiece oneMove,https://lichess.org/JwMca3Nw/black#96, Qxa4 Qxd2,8/8/kp6/p4p1p/q7/7P/3Q2P1/4R2K b - - 0 49,8/8/kp6/p4pQp/q7/7P/3r2P1/4R2K w - - 0 49,8/8/kp6/p4pQp/q7/7P/3r2P1/4R2K,w,-,-,12,"q a4, p a5, k a6, p b6, r d2, R e1, p f5, P g2, Q g5, K h1, P h3, p h5",14
r3brk1/5pp1/p1nqpn1p/P2pN3/2pP4/2P1PN2/5PPP/RB1QK2R b KQ - 4 16,c6e5 d4e5 d6e7 e5f6,1449,advantage fork middlegame short,https://lichess.org/fDwvVUIp/black#32, Nxe5 dxe5 Qe7 exf6,r3brk1/4qpp1/p3pP1p/P2p4/2p5/2P1PN2/5PPP/RB1QK2R b KQ - 0 18,r3brk1/5pp1/p2qpn1p/P2pn3/2pP4/2P1PN2/5PPP/RB1QK2R w KQ - 0 17,r3brk1/5pp1/p2qpn1p/P2pn3/2pP4/2P1PN2/5PPP/RB1QK2R,w,KQ,-,27,"R a1, P a5, p a6, r a8, B b1, P c3, p c4, Q d1, P d4, p d5, q d6, K e1, P e3, n e5, p e6, b e8, P f2, N f3, n f6, p f7, r f8, P g2, p g7, k g8, R h1, P h2, p h6",15
3r1rk1/1b1n1pp1/3p4/p4PPQ/4P3/3q1BN1/8/2R2RK1 b - - 1 28,d7e5 f5f6 e5f3 f1f3,2488,advantage middlegame short,https://lichess.org/0khwj5dv/black#56, Ne5 f6 Nxf3+ Rxf3,3r1rk1/1b3pp1/3p1P2/p5PQ/4P3/3q1RN1/8/2R3K1 b - - 0 30,3r1rk1/1b3pp1/3p4/p3nPPQ/4P3/3q1BN1/8/2R2RK1 w - - 2 29,3r1rk1/1b3pp1/3p4/p3nPPQ/4P3/3q1BN1/8/2R2RK1,w,-,-,19,"p a5, b b7, R c1, q d3, p d6, r d8, P e4, n e5, R f1, B f3, P f5, p f7, r f8, K g1, N g3, P g5, p g7, k g8, Q h5",16
r3kbnr/ppp1qppp/2n5/3pP3/5B2/4PQ2/PPP2PPP/RN2KB1R w KQkq - 1 7,f1b5 e7b4 b1c3 b4b2,1576,advantage fork opening short,https://lichess.org/Zq56PwHK#13, Bb5 Qb4+ Nc3 Qxb2,r3kbnr/ppp2ppp/2n5/1B1pP3/5B2/2N1PQ2/PqP2PPP/R3K2R w KQkq - 0 9,r3kbnr/ppp1qppp/2n5/1B1pP3/5B2/4PQ2/PPP2PPP/RN2K2R b KQkq - 2 7,r3kbnr/ppp1qppp/2n5/1B1pP3/5B2/4PQ2/PPP2PPP/RN2K2R,b,KQkq,-,29,"R a1, P a2, p a7, r a8, N b1, P b2, B b5, p b7, P c2, n c6, p c7, p d5, K e1, P e3, P e5, q e7, k e8, P f2, Q f3, B f4, p f7, b f8, P g2, p g7, n g8, R h1, P h2, p h7, r h8",17
2k5/p1pp1p2/1p3Bb1/7p/1nP3PP/1P2rP2/PK6/3R1B1R w - - 7 22,f1g2 e3e2 d1d2 e2d2,1315,advantage fork middlegame short,https://lichess.org/JbCsF5hm#43, Bg2 Re2+ Rd2 Rxd2+,2k5/p1pp1p2/1p3Bb1/7p/1nP3PP/1P3P2/PK1r2B1/7R w - - 0 24,2k5/p1pp1p2/1p3Bb1/7p/1nP3PP/1P2rP2/PK4B1/3R3R b - - 8 22,2k5/p1pp1p2/1p3Bb1/7p/1nP3PP/1P2rP2/PK4B1/3R3R,b,-,-,21,"P a2, p a7, K b2, P b3, n b4, p b6, P c4, p c7, k c8, R d1, p d7, r e3, P f3, B f6, p f7, B g2, P g4, b g6, R h1, P h4, p h5",18
r2r2k1/1p2qppp/2n1p3/5n2/p2P4/P2Q1N2/BP3PPP/2R1R1K1 w - - 4 20,d3f5 e6f5 e1e7 c6e7,1616,advantage middlegame short,https://lichess.org/WKH5eIti#39, Qxf5 exf5 Rxe7 Nxe7,r2r2k1/1p2nppp/8/5p2/p2P4/P4N2/BP3PPP/2R3K1 w - - 0 22,r2r2k1/1p2qppp/2n1p3/5Q2/p2P4/P4N2/BP3PPP/2R1R1K1 b - - 0 20,r2r2k1/1p2qppp/2n1p3/5Q2/p2P4/P4N2/BP3PPP/2R1R1K1,b,-,-,23,"B a2, P a3, p a4, r a8, P b2, p b7, R c1, n c6, P d4, r d8, R e1, p e6, q e7, P f2, N f3, Q f5, p f7, K g1, P g2, p g7, k g8, P h2, p h7",19
2nk4/8/2PBp1n1/1pK1P1p1/1P4P1/8/8/8 b - - 2 42,g6h4 c5b5 h4g2 b5a6 g2e3 a6b7,1914,crushing endgame long,https://lichess.org/TfRvsd3p/black#84, Nh4 Kxb5 Ng2 Ka6 Ne3 Kb7,2nk4/1K6/2PBp3/4P1p1/1P4P1/4n3/8/8 b - - 4 45,2nk4/8/2PBp3/1pK1P1p1/1P4Pn/8/8/8 w - - 3 43,2nk4/8/2PBp3/1pK1P1p1/1P4Pn/8/8/8,w,-,-,12,"P b4, p b5, K c5, P c6, n c8, B d6, k d8, P e5, p e6, P g4, p g5, n h4",20
2r5/pR5p/5p1k/4p3/4r3/B4nPP/PP3P2/1K2R3 w - - 0 27,e1e4 f3d2 b1a1 c8c1,1847,backRankMate endgame fork mate mateIn2 short,https://lichess.org/A7j9VEC0#53, Rxe4 Nd2+ Ka1 Rc1#,8/pR5p/5p1k/4p3/4R3/B5PP/PP1n1P2/K1r5 w - - 3 29,2r5/pR5p/5p1k/4p3/4R3/B4nPP/PP3P2/1K6 b - - 0 27,2r5/pR5p/5p1k/4p3/4R3/B4nPP/PP3P2/1K6,b,-,-,16,"P a2, B a3, p a7, K b1, P b2, R b7, r c8, R e4, p e5, P f2, n f3, p f6, P g3, P h3, k h6, p h7",21
r1bqk1nr/1pp2ppp/p1pb4/4p3/3PP3/5N2/PPP2PPP/RNBQ1RK1 b kq - 0 6,d8f6 d4e5 d6e5 c1g5 f6d6 f3e5 d6d1 f1d1,1729,advantage fork opening veryLong,https://lichess.org/TAffogpQ/black#12, Qf6 dxe5 Bxe5 Bg5 Qd6 Nxe5 Qxd1 Rxd1,r1b1k1nr/1pp2ppp/p1p5/4N1B1/4P3/8/PPP2PPP/RN1R2K1 b kq - 0 10,r1b1k1nr/1pp2ppp/p1pb1q2/4p3/3PP3/5N2/PPP2PPP/RNBQ1RK1 w kq - 1 7,r1b1k1nr/1pp2ppp/p1pb1q2/4p3/3PP3/5N2/PPP2PPP/RNBQ1RK1,w,kq,-,30,"R a1, P a2, p a6, r a8, N b1, P b2, p b7, B c1, P c2, p c6, p c7, b c8, Q d1, P d4, b d6, P e4, p e5, k e8, R f1, P f2, N f3, q f6, p f7, K g1, P g2, p g7, n g8, P h2, p h7, r h8",22
8/r1b1q2k/2p3p1/2Pp4/1P2p1n1/2B1P3/NQ6/2K4R b - - 1 36,h7g8 h1h8 g8f7 h8h7 f7e8 h7e7,1249,crushing exposedKing long middlegame skewer,https://lichess.org/n9vCFmKh/black#72, Kg8 Rh8+ Kf7 Rh7+ Ke8 Rxe7+,4k3/r1b1R3/2p3p1/2Pp4/1P2p1n1/2B1P3/NQ6/2K5 b - - 0 39,6k1/r1b1q3/2p3p1/2Pp4/1P2p1n1/2B1P3/NQ6/2K4R w - - 2 37,6k1/r1b1q3/2p3p1/2Pp4/1P2p1n1/2B1P3/NQ6/2K4R,w,-,-,17,"N a2, r a7, Q b2, P b4, K c1, B c3, P c5, p c6, b c7, p d5, P e3, p e4, q e7, n g4, p g6, k g8, R h1",23
1R6/1p2k2p/p2n2p1/4K3/8/6P1/P6P/8 w - - 10 37,b8h8 d6f7 e5e4 f7h8,1017,crushing endgame fork short,https://lichess.org/n0UvwK36#73, Rh8 Nf7+ Ke4 Nxh8,7n/1p2k2p/p5p1/8/4K3/6P1/P6P/8 w - - 0 39,7R/1p2k2p/p2n2p1/4K3/8/6P1/P6P/8 b - - 11 37,7R/1p2k2p/p2n2p1/4K3/8/6P1/P6P/8,b,-,-,11,"P a2, p a6, p b7, n d6, K e5, k e7, P g3, p g6, P h2, p h7, R h8",24
6rk/pp6/2n5/3ppn1p/3p4/2P2P1q/PP3QNB/R4R1K w - - 2 29,f1g1 f5g3 f2g3 g8g3,1326,crushing kingsideAttack master middlegame pin short,https://lichess.org/p85fiZcl#57, Rg1 Ng3+ Qxg3 Rxg3,7k/pp6/2n5/3pp2p/3p4/2P2Prq/PP4NB/R5RK w - - 0 31,6rk/pp6/2n5/3ppn1p/3p4/2P2P1q/PP3QNB/R5RK b - - 3 29,6rk/pp6/2n5/3ppn1p/3p4/2P2P1q/PP3QNB/R5RK,b,-,-,21,"R a1, P a2, p a7, P b2, p b7, P c3, n c6, p d4, p d5, p e5, Q f2, P f3, n f5, R g1, N g2, r g8, K h1, B h2, q h3, p h5, k h8",25
r2qr1k1/ppp2ppp/4b3/3P4/1nP2Q2/2N2N1P/PP3KP1/R4R2 w - - 1 15,d5e6 b4d3 f2g1 d3f4,1290,crushing fork middlegame short,https://lichess.org/JPN97v7j#29, dxe6 Nd3+ Kg1 Nxf4,r2qr1k1/ppp2ppp/4P3/8/2P2n2/2N2N1P/PP4P1/R4RK1 w - - 0 17,r2qr1k1/ppp2ppp/4P3/8/1nP2Q2/2N2N1P/PP3KP1/R4R2 b - - 0 15,r2qr1k1/ppp2ppp/4P3/8/1nP2Q2/2N2N1P/PP3KP1/R4R2,b,-,-,23,"R a1, P a2, p a7, r a8, P b2, n b4, p b7, N c3, P c4, p c7, q d8, P e6, r e8, R f1, K f2, N f3, Q f4, p f7, P g2, p g7, k g8, P h3, p h7",26
2r2rk1/6pp/3Q1q2/8/3N1B2/6P1/PP1K3P/R4b2 w - - 0 24,a1f1 f6d6 f4d6 f8f1,1914,advantage discoveredAttack middlegame pin short,https://lichess.org/W3wvnzlo#47, Rxf1 Qxd6 Bxd6 Rxf1,2r3k1/6pp/3B4/8/3N4/6P1/PP1K3P/5r2 w - - 0 26,2r2rk1/6pp/3Q1q2/8/3N1B2/6P1/PP1K3P/5R2 b - - 0 24,2r2rk1/6pp/3Q1q2/8/3N1B2/6P1/PP1K3P/5R2,b,-,-,15,"P a2, P b2, r c8, K d2, N d4, Q d6, R f1, B f4, q f6, r f8, P g3, p g7, k g8, P h2, p h7",27
rnbqkb1r/pppp2pp/8/4P3/2B5/4p3/PPPP2PP/R1BQK1NR w KQkq - 0 7,d1f3 d8h4 e1d1 h4c4,1631,advantage fork opening short,https://lichess.org/fTegzZIT#13, Qf3 Qh4+ Kd1 Qxc4,rnb1kb1r/pppp2pp/8/4P3/2q5/4pQ2/PPPP2PP/R1BK2NR w kq - 0 9,rnbqkb1r/pppp2pp/8/4P3/2B5/4pQ2/PPPP2PP/R1B1K1NR b KQkq - 1 7,rnbqkb1r/pppp2pp/8/4P3/2B5/4pQ2/PPPP2PP/R1B1K1NR,b,KQkq,-,28,"R a1, P a2, p a7, r a8, P b2, p b7, n b8, B c1, P c2, B c4, p c7, b c8, P d2, p d7, q d8, K e1, p e3, P e5, k e8, Q f3, b f8, N g1, P g2, p g7, R h1, P h2, p h7, r h8",28
4r3/p5k1/2p2R1p/2Pp4/1P1pr1P1/P6P/8/3R3K w - - 1 35,f6c6 e4e1 d1e1 e8e1 h1g2 d4d3,1099,crushing endgame exposedKing long rookEndgame,https://lichess.org/dq15P00L#69, Rxc6 Re1+ Rxe1 Rxe1+ Kg2 d3,8/p5k1/2R4p/2Pp4/1P4P1/P2p3P/6K1/4r3 w - - 0 38,4r3/p5k1/2R4p/2Pp4/1P1pr1P1/P6P/8/3R3K b - - 0 35,4r3/p5k1/2R4p/2Pp4/1P1pr1P1/P6P/8/3R3K,b,-,-,15,"P a3, p a7, P b4, P c5, R c6, R d1, p d4, p d5, r e4, r e8, P g4, k g7, K h1, P h3, p h6",29
4qk2/1b3rR1/p7/1p2Q3/4P2P/P2P3K/2r5/3R4 w - - 5 41,g7f7 e8f7 e5h8 f8e7,1742,advantage endgame short,https://lichess.org/aFlzjb1K#81, Rxf7+ Qxf7 Qh8+ Ke7,7Q/1b2kq2/p7/1p6/4P2P/P2P3K/2r5/3R4 w - - 2 43,4qk2/1b3R2/p7/1p2Q3/4P2P/P2P3K/2r5/3R4 b - - 0 41,4qk2/1b3R2/p7/1p2Q3/4P2P/P2P3K/2r5/3R4,b,-,-,14,"P a3, p a6, p b5, b b7, r c2, R d1, P d3, P e4, Q e5, q e8, R f7, k f8, K h3, P h4",30
8/7R/5p2/p7/7P/2p5/3k2r1/1K2N3 w - - 3 48,e1g2 c3c2 b1a2 c2c1q h7d7 d2e2,1448,advancedPawn crushing defensiveMove deflection endgame long promotion,https://lichess.org/drahwNdj#95, Nxg2 c2+ Ka2 c1=Q Rd7+ Ke2,8/3R4/5p2/p7/7P/8/K3k1N1/2q5 w - - 2 51,8/7R/5p2/p7/7P/2p5/3k2N1/1K6 b - - 0 48,8/7R/5p2/p7/7P/2p5/3k2N1/1K6,b,-,-,8,"p a5, K b1, p c3, k d2, p f6, N g2, P h4, R h7",31
r2r2k1/2q1bpp1/3p1n1p/1ppN4/1P1BP3/P5Q1/4RPPP/R5K1 b - - 1 20,f6d5 g3g7,1170,kingsideAttack mate mateIn1 middlegame oneMove,https://lichess.org/dQ85JUe1/black#40, Nxd5 Qxg7#,r2r2k1/2q1bpQ1/3p3p/1ppn4/1P1BP3/P7/4RPPP/R5K1 b - - 0 21,r2r2k1/2q1bpp1/3p3p/1ppn4/1P1BP3/P5Q1/4RPPP/R5K1 w - - 0 21,r2r2k1/2q1bpp1/3p3p/1ppn4/1P1BP3/P5Q1/4RPPP/R5K1,w,-,-,23,"R a1, P a3, r a8, P b4, p b5, p c5, q c7, B d4, n d5, p d6, r d8, R e2, P e4, b e7, P f2, p f7, K g1, P g2, Q g3, p g7, k g8, P h2, p h6",32
3q2k1/2r5/pp3p1Q/2b1n3/P3N3/2P5/1P4PP/R6K b - - 0 24,c7d7 e4f6 d8f6 h6f6,978,crushing fork middlegame short,https://lichess.org/IajkZZBp/black#48, Rd7 Nxf6+ Qxf6 Qxf6,6k1/3r4/pp3Q2/2b1n3/P7/2P5/1P4PP/R6K b - - 0 26,3q2k1/3r4/pp3p1Q/2b1n3/P3N3/2P5/1P4PP/R6K w - - 1 25,3q2k1/3r4/pp3p1Q/2b1n3/P3N3/2P5/1P4PP/R6K,w,-,-,17,"R a1, P a4, p a6, P b2, p b6, P c3, b c5, r d7, q d8, N e4, n e5, p f6, P g2, k g8, K h1, P h2, Q h6",33
8/2k3n1/3p2p1/1KpP2Pp/2P4P/7B/8/8 w - - 0 57,b5a6 c7d8 a6b5 g7f5,2151,crushing endgame short,https://lichess.org/sMrTPfXp#113, Ka6 Kd8 Kb5 Nf5,3k4/8/3p2p1/1KpP1nPp/2P4P/7B/8/8 w - - 4 59,8/2k3n1/K2p2p1/2pP2Pp/2P4P/7B/8/8 b - - 1 57,8/2k3n1/K2p2p1/2pP2Pp/2P4P/7B/8/8,b,-,-,12,"K a6, P c4, p c5, k c7, P d5, p d6, P g5, p g6, n g7, B h3, P h4, p h5",34
2q3k1/4br1p/6RQ/1p1n2p1/7P/1P4P1/1B2PP2/6K1 b - - 0 27,h7g6 h6h8,1476,endgame mate mateIn1 oneMove,https://lichess.org/HE33gdt4/black#54, hxg6 Qh8#,2q3kQ/4br2/6p1/1p1n2p1/7P/1P4P1/1B2PP2/6K1 b - - 1 28,2q3k1/4br2/6pQ/1p1n2p1/7P/1P4P1/1B2PP2/6K1 w - - 0 28,2q3k1/4br2/6pQ/1p1n2p1/7P/1P4P1/1B2PP2/6K1,w,-,-,16,"B b2, P b3, p b5, q c8, n d5, P e2, b e7, P f2, r f7, K g1, P g3, p g5, p g6, k g8, P h4, Q h6",35
3r1rk1/1pR3pp/p2bp3/1q2Np2/3P4/1P5Q/5PPP/4R1K1 w - - 2 27,c7g7 g8g7 h3g3 g7h8,1399,crushing defensiveMove hangingPiece middlegame short,https://lichess.org/IqVPsfjB#53, Rxg7+ Kxg7 Qg3+ Kh8,3r1r1k/1p5p/p2bp3/1q2Np2/3P4/1P4Q1/5PPP/4R1K1 w - - 2 29,3r1rk1/1p4Rp/p2bp3/1q2Np2/3P4/1P5Q/5PPP/4R1K1 b - - 0 27,3r1rk1/1p4Rp/p2bp3/1q2Np2/3P4/1P5Q/5PPP/4R1K1,b,-,-,20,"p a6, P b3, q b5, p b7, P d4, b d6, r d8, R e1, N e5, p e6, P f2, p f5, r f8, K g1, P g2, R g7, k g8, P h2, Q h3, p h7",36
r6k/2q3pp/8/2p1n3/R1Qp4/7P/2PB1PP1/6K1 b - - 0 32,e5c4 a4a8 c7b8 a8b8,758,backRankMate endgame hangingPiece mate mateIn2 short,https://lichess.org/jxZhmGhg/black#64, Nxc4 Rxa8+ Qb8 Rxb8#,1R5k/6pp/8/2p5/2np4/7P/2PB1PP1/6K1 b - - 0 34,r6k/2q3pp/8/2p5/R1np4/7P/2PB1PP1/6K1 w - - 0 33,r6k/2q3pp/8/2p5/R1np4/7P/2PB1PP1/6K1,w,-,-,15,"R a4, r a8, P c2, n c4, p c5, q c7, B d2, p d4, P f2, K g1, P g2, p g7, P h3, p h7, k h8",37
2rr4/2N2pk1/p1Q1b1pp/1p4q1/3pP3/1B1P4/PPP3PP/6RK w - - 7 25,c7e6 f7e6 c6b7 g7h8,1440,defensiveMove equality middlegame short,https://lichess.org/zbi5w5Qy#49, Nxe6+ fxe6 Qb7+ Kh8,2rr3k/1Q6/p3p1pp/1p4q1/3pP3/1B1P4/PPP3PP/6RK w - - 2 27,2rr4/5pk1/p1Q1N1pp/1p4q1/3pP3/1B1P4/PPP3PP/6RK b - - 0 25,2rr4/5pk1/p1Q1N1pp/1p4q1/3pP3/1B1P4/PPP3PP/6RK,b,-,-,22,"P a2, p a6, P b2, B b3, p b5, P c2, Q c6, r c8, P d3, p d4, r d8, P e4, N e6, p f7, R g1, P g2, q g5, p g6, k g7, K h1, P h2, p h6",38
r5k1/2p1pp2/pp4p1/1q1r4/5P2/2QP2R1/PP6/1K4R1 b - - 0 32,d5h5 g3g6 f7g6 g1g6 g8f7 c3g7 f7e8 g7g8 e8d7 g8e6 d7d8 g6g8,2024,crushing endgame sacrifice veryLong,https://lichess.org/Prb24UzR/black#64, Rh5 Rxg6+ fxg6 Rxg6+ Kf7 Qg7+ Ke8 Qg8+ Kd7 Qe6+ Kd8 Rg8+,r2k2R1/2p1p3/pp2Q3/1q5r/5P2/3P4/PP6/1K6 b - - 8 38,r5k1/2p1pp2/pp4p1/1q5r/5P2/2QP2R1/PP6/1K4R1 w - - 1 33,r5k1/2p1pp2/pp4p1/1q5r/5P2/2QP2R1/PP6/1K4R1,w,-,-,18,"P a2, p a6, r a8, K b1, P b2, q b5, p b6, Q c3, p c7, P d3, p e7, P f4, p f7, R g1, R g3, p g6, k g8, r h5",39
8/8/1p1k1p1p/3npp2/2B5/PP1K1PP1/7P/8 b - - 0 36,f5f4 c4d5 f4g3 h2g3 d6d5 g3g4,2247,crushing defensiveMove endgame long,https://lichess.org/RMj9gStA/black#72, f4 Bxd5 fxg3 hxg3 Kxd5 g4,8/8/1p3p1p/3kp3/6P1/PP1K1P2/8/8 b - - 0 39,8/8/1p1k1p1p/3np3/2B2p2/PP1K1PP1/7P/8 w - - 0 37,8/8/1p1k1p1p/3np3/2B2p2/PP1K1PP1/7P/8,w,-,-,14,"P a3, P b3, p b6, B c4, K d3, n d5, k d6, p e5, P f3, p f4, p f6, P g3, P h2, p h6",40
6k1/pp3pp1/2p1q1Pp/3b4/8/6Q1/PB3Pp1/3RrNK1 b - - 2 27,e1d1 g3b8 e6e8 b8e8,1016,endgame mate mateIn2 short,https://lichess.org/dJ3xEKJK/black#54, Rxd1 Qb8+ Qe8 Qxe8#,4Q1k1/pp3pp1/2p3Pp/3b4/8/8/PB3Pp1/3r1NK1 b - - 0 29,6k1/pp3pp1/2p1q1Pp/3b4/8/6Q1/PB3Pp1/3r1NK1 w - - 0 28,6k1/pp3pp1/2p1q1Pp/3b4/8/6Q1/PB3Pp1/3r1NK1,w,-,-,18,"P a2, p a7, B b2, p b7, p c6, r d1, b d5, q e6, N f1, P f2, p f7, K g1, p g2, Q g3, P g6, p g7, k g8, p h6",41
r2q1r1k/2p3p1/pb2Q2p/1p1p1n2/8/1BP5/PP1B1PPP/3RR1K1 w - - 3 20,b3d5 b6f2 g1f2 f5d4 f2g1 d4e6,1744,advantage discoveredAttack kingsideAttack long middlegame sacrifice,https://lichess.org/ZyuTEP3l#39, Bxd5 Bxf2+ Kxf2 Nd4+ Kg1 Nxe6,r2q1r1k/2p3p1/p3n2p/1p1B4/8/2P5/PP1B2PP/3RR1K1 w - - 0 23,r2q1r1k/2p3p1/pb2Q2p/1p1B1n2/8/2P5/PP1B1PPP/3RR1K1 b - - 0 20,r2q1r1k/2p3p1/pb2Q2p/1p1B1n2/8/2P5/PP1B1PPP/3RR1K1,b,-,-,23,"P a2, p a6, r a8, P b2, p b5, b b6, P c3, p c7, R d1, B d2, B d5, q d8, R e1, Q e6, P f2, n f5, r f8, K g1, P g2, p g7, P h2, p h6, k h8",42
r1q3k1/4bppp/pp2pn2/4B3/8/2N2Q2/PPPR1PPP/6K1 b - - 0 18,f6d7 d2d7 c8d7 f3a8,1569,crushing deflection middlegame short,https://lichess.org/LNdzAgWP/black#36, Nd7 Rxd7 Qxd7 Qxa8+,Q5k1/3qbppp/pp2p3/4B3/8/2N5/PPP2PPP/6K1 b - - 0 20,r1q3k1/3nbppp/pp2p3/4B3/8/2N2Q2/PPPR1PPP/6K1 w - - 1 19,r1q3k1/3nbppp/pp2p3/4B3/8/2N2Q2/PPPR1PPP/6K1,w,-,-,22,"P a2, p a6, r a8, P b2, p b6, P c2, N c3, q c8, R d2, n d7, B e5, p e6, b e7, P f2, Q f3, p f7, K g1, P g2, p g7, k g8, P h2, p h7",43
1r6/5k2/2p1pNp1/p5Pp/1pQ1P2P/2P4R/KP3P2/3q4 w - - 4 31,c4c6 b4b3 a2a3 d1a1,1387,endgame mate mateIn2 short,https://lichess.org/ibb2c72C#61, Qxc6 b3+ Ka3 Qa1#,1r6/5k2/2Q1pNp1/p5Pp/4P2P/KpP4R/1P3P2/q7 w - - 2 33,1r6/5k2/2Q1pNp1/p5Pp/1p2P2P/2P4R/KP3P2/3q4 b - - 0 31,1r6/5k2/2Q1pNp1/p5Pp/1p2P2P/2P4R/KP3P2/3q4,b,-,-,18,"K a2, p a5, P b2, p b4, r b8, P c3, Q c6, q d1, P e4, p e6, P f2, N f6, k f7, P g5, p g6, R h3, P h4, p h5",44
1k1r3r/2q5/pp1n2p1/8/1Q6/3R2P1/PPP2P1P/3R2K1 b - - 4 29,c7c5 b4c5 b6c5 d3d6 d8d6 d1d6,1537,crushing long middlegame,https://lichess.org/ceS0QvtT/black#58, Qc5 Qxc5 bxc5 Rxd6 Rxd6 Rxd6,1k5r/8/p2R2p1/2p5/8/6P1/PPP2P1P/6K1 b - - 0 32,1k1r3r/8/pp1n2p1/2q5/1Q6/3R2P1/PPP2P1P/3R2K1 w - - 5 30,1k1r3r/8/pp1n2p1/2q5/1Q6/3R2P1/PPP2P1P/3R2K1,w,-,-,18,"P a2, p a6, P b2, Q b4, p b6, k b8, P c2, q c5, R d1, R d3, n d6, r d8, P f2, K g1, P g3, p g6, P h2, r h8",45
r5kr/pp1qb1p1/2p4p/3pPb1Q/3P4/2P1B3/PP4PP/R4RK1 b - - 1 17,f5e4 h5f7 g8h7 f1f6 e7f6 f7d7,2317,advantage long middlegame pin,https://lichess.org/Ynra1LLE/black#34, Be4 Qf7+ Kh7 Rf6 Bxf6 Qxd7,r6r/pp1Q2pk/2p2b1p/3pP3/3Pb3/2P1B3/PP4PP/R5K1 b - - 0 20,r5kr/pp1qb1p1/2p4p/3pP2Q/3Pb3/2P1B3/PP4PP/R4RK1 w - - 2 18,r5kr/pp1qb1p1/2p4p/3pP2Q/3Pb3/2P1B3/PP4PP/R4RK1,w,-,-,24,"R a1, P a2, p a7, r a8, P b2, p b7, P c3, p c6, P d4, p d5, q d7, B e3, b e4, P e5, b e7, R f1, K g1, P g2, p g7, k g8, P h2, Q h5, p h6, r h8",46
8/8/2p2k2/1p1p4/3P4/1PP1pK2/8/8 b - - 3 64,f6f5 b3b4,1369,defensiveMove endgame equality oneMove pawnEndgame,https://lichess.org/2cHqPgSG/black#128, Kf5 b4,8/8/2p5/1p1p1k2/1P1P4/2P1pK2/8/8 b - - 0 65,8/8/2p5/1p1p1k2/3P4/1PP1pK2/8/8 w - - 4 65,8/8/2p5/1p1p1k2/3P4/1PP1pK2/8/8,w,-,-,9,"P b3, p b5, P c3, p c6, P d4, p d5, p e3, K f3, k f5",47
3Q4/5kr1/8/1P2pB2/2Pp1n2/q2P3P/7K/5R2 w - - 7 49,d8d7 f7f6 d7d8 f6f5,1215,defensiveMove endgame equality short,https://lichess.org/yJzYpNj0#97, Qd7+ Kf6 Qd8+ Kxf5,3Q4/6r1/8/1P2pk2/2Pp1n2/q2P3P/7K/5R2 w - - 0 51,8/3Q1kr1/8/1P2pB2/2Pp1n2/q2P3P/7K/5R2 b - - 8 49,8/3Q1kr1/8/1P2pB2/2Pp1n2/q2P3P/7K/5R2,b,-,-,14,"q a3, P b5, P c4, P d3, p d4, Q d7, p e5, R f1, n f4, B f5, k f7, r g7, K h2, P h3",48
r4rk1/ppq2ppp/2nbp1b1/3p4/3Pn3/2PB1N1P/PP3PP1/R1BQRNK1 b - - 4 14,e4f2 g1f2 g6d3 d1d3,987,advantage hangingPiece middlegame short,https://lichess.org/SHqFVu02/black#28, Nxf2 Kxf2 Bxd3 Qxd3,r4rk1/ppq2ppp/2nbp3/3p4/3P4/2PQ1N1P/PP3KP1/R1B1RN2 b - - 0 16,r4rk1/ppq2ppp/2nbp1b1/3p4/3P4/2PB1N1P/PP3nP1/R1BQRNK1 w - - 0 15,r4rk1/ppq2ppp/2nbp1b1/3p4/3P4/2PB1N1P/PP3nP1/R1BQRNK1,w,-,-,29,"R a1, P a2, p a7, r a8, P b2, p b7, B c1, P c3, n c6, q c7, Q d1, B d3, P d4, p d5, b d6, R e1, p e6, N f1, n f2, N f3, p f7, r f8, K g1, P g2, b g6, p g7, k g8, P h3, p h7",49
3q1nk1/1bN2rpp/pp1P4/1N6/4n2b/8/PPP2PPP/R1BQ1RK1 w - - 1 16,b5d4 h4f2 f1f2 e4f2,1743,advantage kingsideAttack master middlegame short,https://lichess.org/aqhibPRF#31, Nd4 Bxf2+ Rxf2 Nxf2,3q1nk1/1bN2rpp/pp1P4/8/3N4/8/PPP2nPP/R1BQ2K1 w - - 0 18,3q1nk1/1bN2rpp/pp1P4/8/3Nn2b/8/PPP2PPP/R1BQ1RK1 b - - 2 16,3q1nk1/1bN2rpp/pp1P4/8/3Nn2b/8/PPP2PPP/R1BQ1RK1,b,-,-,25,"R a1, P a2, p a6, P b2, p b6, b b7, B c1, P c2, N c7, Q d1, N d4, P d6, q d8, n e4, R f1, P f2, r f7, n f8, K g1, P g2, p g7, k g8, P h2, b h4, p h7",50
rk5r/1b3R2/pp2p2q/4P2p/B2p3B/4R2P/PP4P1/5Q1K b - - 0 27,d4e3 f7b7 b8b7 f1f7 b7b8 h4e7,2336,attraction crushing defensiveMove exposedKing long middlegame queensideAttack sacrifice,https://lichess.org/mXf4gFYU/black#54, dxe3 Rxb7+ Kxb7 Qf7+ Kb8 Be7,rk5r/4BQ2/pp2p2q/4P2p/B7/4p2P/PP4P1/7K b - - 3 30,rk5r/1b3R2/pp2p2q/4P2p/B6B/4p2P/PP4P1/5Q1K w - - 0 28,rk5r/1b3R2/pp2p2q/4P2p/B6B/4p2P/PP4P1/5Q1K,w,-,-,20,"P a2, B a4, p a6, r a8, P b2, p b6, b b7, k b8, p e3, P e5, p e6, Q f1, R f7, P g2, K h1, P h3, B h4, p h5, q h6, r h8",51
8/6pk/7p/p1p4P/P2p2R1/1P3q1K/2P3R1/8 w - - 11 58,g2g3 f3h1,1305,endgame mate mateIn1 oneMove queenRookEndgame,https://lichess.org/6wQhCffQ#115, R2g3 Qh1#,8/6pk/7p/p1p4P/P2p2R1/1P4RK/2P5/7q w - - 13 59,8/6pk/7p/p1p4P/P2p2R1/1P3qRK/2P5/8 b - - 12 58,8/6pk/7p/p1p4P/P2p2R1/1P3qRK/2P5/8,b,-,-,14,"P a4, p a5, P b3, P c2, p c5, p d4, q f3, R g3, R g4, p g7, K h3, P h5, p h6, k h7",52
4r1k1/p4p1p/1p6/6q1/3P2n1/P4Q2/1P1B2P1/7K w - - 0 34,d2g5 e8e1 f3f1 e1f1,994,endgame mate mateIn2 short,https://lichess.org/L9kH7FqT#67, Bxg5 Re1+ Qf1 Rxf1#,6k1/p4p1p/1p6/6B1/3P2n1/P7/1P4P1/5r1K w - - 0 36,4r1k1/p4p1p/1p6/6B1/3P2n1/P4Q2/1P4P1/7K b - - 0 34,4r1k1/p4p1p/1p6/6B1/3P2n1/P4Q2/1P4P1/7K,b,-,-,14,"P a3, p a7, P b2, p b6, P d4, r e8, Q f3, p f7, P g2, n g4, B g5, k g8, K h1, p h7",53
2kr3r/p1p1bpp1/2p2n1p/8/8/1P6/P1P1RPPP/RNB3K1 w - - 1 16,e2e7 d8d1 e7e1 d1e1,980,backRankMate fork mate mateIn2 middlegame short,https://lichess.org/f4f7UwiT#31, Rxe7 Rd1+ Re1 Rxe1#,2k4r/p1p2pp1/2p2n1p/8/8/1P6/P1P2PPP/RNB1r1K1 w - - 0 18,2kr3r/p1p1Rpp1/2p2n1p/8/8/1P6/P1P2PPP/RNB3K1 b - - 0 16,2kr3r/p1p1Rpp1/2p2n1p/8/8/1P6/P1P2PPP/RNB3K1,b,-,-,21,"R a1, P a2, p a7, N b1, P b3, B c1, P c2, p c6, p c7, k c8, r d8, R e7, P f2, n f6, p f7, K g1, P g2, p g7, P h2, p h6, r h8",54
2r3rk/5p2/4p2p/4q3/1Q6/8/1P3PPP/R4RK1 w - - 0 31,a1c1 e5g5 g2g3 c8c1,2121,crushing endgame short,https://lichess.org/id1brvZc#61, Rac1 Qg5 g3 Rxc1,6rk/5p2/4p2p/6q1/1Q6/6P1/1P3P1P/2r2RK1 w - - 0 33,2r3rk/5p2/4p2p/4q3/1Q6/8/1P3PPP/2R2RK1 b - - 1 31,2r3rk/5p2/4p2p/4q3/1Q6/8/1P3PPP/2R2RK1,b,-,-,15,"P b2, Q b4, R c1, r c8, q e5, p e6, R f1, P f2, p f7, K g1, P g2, r g8, P h2, p h6, k h8",55
r1bq3Q/1np2kp1/p5B1/1p1Pp3/1Pn2BP1/2b2P2/P3K3/R4N2 b - - 5 35,f7g6 h8h5 g6f6 f4g5,1802,mate mateIn2 middlegame short,https://lichess.org/QveLbBjG/black#70, Kxg6 Qh5+ Kf6 Bg5#,r1bq4/1np3p1/p4k2/1p1Pp1BQ/1Pn3P1/2b2P2/P3K3/R4N2 b - - 3 37,r1bq3Q/1np3p1/p5k1/1p1Pp3/1Pn2BP1/2b2P2/P3K3/R4N2 w - - 0 36,r1bq3Q/1np3p1/p5k1/1p1Pp3/1Pn2BP1/2b2P2/P3K3/R4N2,w,-,-,22,"R a1, P a2, p a6, r a8, P b4, p b5, n b7, b c3, n c4, p c7, b c8, P d5, q d8, K e2, p e5, N f1, P f3, B f4, P g4, k g6, p g7, Q h8",56
1k1r4/ppp3p1/8/1P5p/8/P3n2P/2P1r1P1/B3NRK1 b - - 4 31,d8d1 f1f8 d1d8 f8d8,600,backRankMate endgame mate mateIn2 short,https://lichess.org/9vFFDYsH/black#62, Rd1 Rf8+ Rd8 Rxd8#,1k1R4/ppp3p1/8/1P5p/8/P3n2P/2P1r1P1/B3N1K1 b - - 0 33,1k6/ppp3p1/8/1P5p/8/P3n2P/2P1r1P1/B2rNRK1 w - - 5 32,1k6/ppp3p1/8/1P5p/8/P3n2P/2P1r1P1/B2rNRK1,w,-,-,18,"B a1, P a3, p a7, P b5, p b7, k b8, P c2, p c7, r d1, N e1, r e2, n e3, R f1, K g1, P g2, p g7, P h3, p h5",57
8/6pp/3Bp2k/p2pP2P/P2bp1PK/8/r7/5R2 b - - 2 37,d4f2 f1f2 g7g5 h4g3 a2f2 g3f2,1869,crushing endgame long,https://lichess.org/rah6MiKa/black#74, Bf2+ Rxf2 g5+ Kg3 Rxf2 Kxf2,8/7p/3Bp2k/p2pP1pP/P3p1P1/8/5K2/8 b - - 0 40,8/6pp/3Bp2k/p2pP2P/P3p1PK/8/r4b2/5R2 w - - 3 38,8/6pp/3Bp2k/p2pP2P/P3p1PK/8/r4b2/5R2,w,-,-,16,"r a2, P a4, p a5, p d5, B d6, p e4, P e5, p e6, R f1, b f2, P g4, p g7, K h4, P h5, k h6, p h7",58
7k/pb1qn2n/1p2R2Q/2p2p2/2Pp4/3B4/PP3PrP/4RK2 b - - 1 27,g2g7 h6g7 h8g7 e6e7 d7e7 e1e7,1867,attraction crushing exposedKing fork long middlegame,https://lichess.org/UdZXrVA5/black#54, Rg7 Qxg7+ Kxg7 Rxe7+ Qxe7 Rxe7+,8/pb2R1kn/1p6/2p2p2/2Pp4/3B4/PP3P1P/5K2 b - - 0 30,7k/pb1qn1rn/1p2R2Q/2p2p2/2Pp4/3B4/PP3P1P/4RK2 w - - 2 28,7k/pb1qn1rn/1p2R2Q/2p2p2/2Pp4/3B4/PP3P1P/4RK2,w,-,-,21,"P a2, p a7, P b2, p b6, b b7, P c4, p c5, B d3, p d4, q d7, R e1, R e6, n e7, K f1, P f2, p f5, r g7, P h2, Q h6, n h7, k h8",59
2rq1rk1/7p/1n4pb/1R2p3/pPpP1P2/P1B5/3NQ1PP/2R3K1 w - - 0 31,e2e5 f8e8 e5e8 d8e8,2105,crushing master middlegame short trappedPiece,https://lichess.org/tYO5rrIU#61, Qxe5 Re8 Qxe8+ Qxe8,2r1q1k1/7p/1n4pb/1R6/pPpP1P2/P1B5/3N2PP/2R3K1 w - - 0 33,2rq1rk1/7p/1n4pb/1R2Q3/pPpP1P2/P1B5/3N2PP/2R3K1 b - - 0 31,2rq1rk1/7p/1n4pb/1R2Q3/pPpP1P2/P1B5/3N2PP/2R3K1,b,-,-,22,"P a3, p a4, P b4, R b5, n b6, R c1, B c3, p c4, r c8, N d2, P d4, q d8, Q e5, P f4, r f8, K g1, P g2, p g6, k g8, P h2, b h6, p h7",60
4r1k1/2R3pp/2p4q/1p1p4/3P4/P7/1PP2R2/1K1N4 b - - 3 32,e8e1 c7c8 e1e8 c8e8,1053,endgame mate mateIn2 short,https://lichess.org/APGKH8YH/black#64, Re1 Rc8+ Re8 Rxe8#,4R1k1/6pp/2p4q/1p1p4/3P4/P7/1PP2R2/1K1N4 b - - 0 34,6k1/2R3pp/2p4q/1p1p4/3P4/P7/1PP2R2/1K1Nr3 w - - 4 33,6k1/2R3pp/2p4q/1p1p4/3P4/P7/1PP2R2/1K1Nr3,w,-,-,16,"P a3, K b1, P b2, p b5, P c2, p c6, R c7, N d1, P d4, p d5, r e1, R f2, p g7, k g8, q h6, p h7",61
r1q4r/2p1kP2/3p4/2pPp3/p1P1Pb2/P1NB3b/1P3KP1/R2Q1R2 w - - 1 23,g2h3 c8h3 d1f3 h3h2 f3g2 f4e3 f2f3 h8h3 g2h3 h2h3,1999,advantage exposedKing middlegame veryLong,https://lichess.org/PsMgMg87#45, gxh3 Qxh3 Qf3 Qh2+ Qg2 Be3+ Kf3 Rh3+ Qxh3 Qxh3+,r7/2p1kP2/3p4/2pPp3/p1P1P3/P1NBbK1q/1P6/R4R2 w - - 0 28,r1q4r/2p1kP2/3p4/2pPp3/p1P1Pb2/P1NB3P/1P3K2/R2Q1R2 b - - 0 23,r1q4r/2p1kP2/3p4/2pPp3/p1P1Pb2/P1NB3P/1P3K2/R2Q1R2,b,-,-,23,"R a1, P a3, p a4, r a8, P b2, N c3, P c4, p c5, p c7, q c8, Q d1, B d3, P d5, p d6, P e4, p e5, k e7, R f1, K f2, b f4, P f7, P h3, r h8",62
r2qr1k1/p5bp/1pp1b1p1/8/2QN1p2/2P1n2P/PP3PP1/R1B1RNK1 w - - 1 18,d4e6 e3c4 e6d8 e8e1,1767,crushing discoveredAttack opening short,https://lichess.org/MOdm5bE7#35, Nxe6 Nxc4 Nxd8 Rxe1,r2N2k1/p5bp/1pp3p1/8/2n2p2/2P4P/PP3PP1/R1B1rNK1 w - - 0 20,r2qr1k1/p5bp/1pp1N1p1/8/2Q2p2/2P1n2P/PP3PP1/R1B1RNK1 b - - 0 18,r2qr1k1/p5bp/1pp1N1p1/8/2Q2p2/2P1n2P/PP3PP1/R1B1RNK1,b,-,-,25,"R a1, P a2, p a7, r a8, P b2, p b6, B c1, P c3, Q c4, p c6, q d8, R e1, n e3, N e6, r e8, N f1, P f2, p f4, K g1, P g2, p g6, b g7, k g8, P h3, p h7",63
3rk3/5p1r/p2Np1p1/3bP3/P2n4/8/1P3RPP/5RK1 b - - 4 25,e8e7 f2f7 h7f7 f1f7,1304,hookMate mate mateIn2 middlegame short,https://lichess.org/LJBrm9Or/black#50, Ke7 Rxf7+ Rxf7 Rxf7#,3r4/4kR2/p2Np1p1/3bP3/P2n4/8/1P4PP/6K1 b - - 0 27,3r4/4kp1r/p2Np1p1/3bP3/P2n4/8/1P3RPP/5RK1 w - - 5 26,3r4/4kp1r/p2Np1p1/3bP3/P2n4/8/1P3RPP/5RK1,w,-,-,18,"P a4, p a6, P b2, n d4, b d5, N d6, r d8, P e5, p e6, k e7, R f1, R f2, p f7, K g1, P g2, p g6, P h2, r h7",64
6k1/pb2r1pN/1n4Bp/3p4/1P2pR2/P7/3R1PPP/2r3K1 w - - 2 30,d2d1 c1d1,706,backRankMate hangingPiece mate mateIn1 middlegame oneMove,https://lichess.org/SAhQtou2#59, Rd1 Rxd1#,6k1/pb2r1pN/1n4Bp/3p4/1P2pR2/P7/5PPP/3r2K1 w - - 0 31,6k1/pb2r1pN/1n4Bp/3p4/1P2pR2/P7/5PPP/2rR2K1 b - - 3 30,6k1/pb2r1pN/1n4Bp/3p4/1P2pR2/P7/5PPP/2rR2K1,b,-,-,20,"P a3, p a7, P b4, n b6, b b7, r c1, R d1, p d5, p e4, r e7, P f2, R f4, K g1, P g2, B g6, p g7, k g8, P h2, p h6, N h7",65
rn1qk2r/pp3ppp/3bp1b1/3p4/3Pn2N/3BB3/PPP2PPP/RN1Q1RK1 w kq - 4 10,h4g6 d6h2 g1h1 h7g6,2099,crushing intermezzo opening short,https://lichess.org/bf23N8Ng#19, Nxg6 Bxh2+ Kh1 hxg6,rn1qk2r/pp3pp1/4p1p1/3p4/3Pn3/3BB3/PPP2PPb/RN1Q1R1K w kq - 0 12,rn1qk2r/pp3ppp/3bp1N1/3p4/3Pn3/3BB3/PPP2PPP/RN1Q1RK1 b kq - 0 10,rn1qk2r/pp3ppp/3bp1N1/3p4/3Pn3/3BB3/PPP2PPP/RN1Q1RK1,b,kq,-,29,"R a1, P a2, p a7, r a8, N b1, P b2, p b7, n b8, P c2, Q d1, B d3, P d4, p d5, b d6, q d8, B e3, n e4, p e6, k e8, R f1, P f2, p f7, K g1, P g2, N g6, p g7, P h2, p h7, r h8",66
8/1p4p1/pb2ppkp/3n4/3P4/P3BN1P/1P2KPP1/8 b - - 0 26,g6f5 f3h4 f5e4 f2f3,1183,endgame mate mateIn2 short,https://lichess.org/paDYagZM/black#52, Kf5 Nh4+ Ke4 f3#,8/1p4p1/pb2pp1p/3n4/3Pk2N/P3BP1P/1P2K1P1/8 b - - 0 28,8/1p4p1/pb2pp1p/3n1k2/3P4/P3BN1P/1P2KPP1/8 w - - 1 27,8/1p4p1/pb2pp1p/3n1k2/3P4/P3BN1P/1P2KPP1/8,w,-,-,18,"P a3, p a6, P b2, b b6, p b7, P d4, n d5, K e2, B e3, p e6, P f2, N f3, k f5, p f6, P g2, p g7, P h3, p h6",67
6k1/6pp/p1N2p2/1pP2bP1/5P2/8/PPP5/3K4 b - - 1 28,f6g5 c6e7 g8f7 e7f5,663,crushing endgame fork short,https://lichess.org/fUV1iXBx/black#56, fxg5 Ne7+ Kf7 Nxf5,8/5kpp/p7/1pP2Np1/5P2/8/PPP5/3K4 b - - 0 30,6k1/6pp/p1N5/1pP2bp1/5P2/8/PPP5/3K4 w - - 0 29,6k1/6pp/p1N5/1pP2bp1/5P2/8/PPP5/3K4,w,-,-,14,"P a2, p a6, P b2, p b5, P c2, P c5, N c6, K d1, P f4, b f5, p g5, p g7, k g8, p h7",68
3r4/p1p2ppp/4k3/6Q1/5P2/4P3/Prqn2PP/3R1RK1 w - - 3 22,g5d8 d2f3 g1h1 c2g2,1603,discoveredAttack endgame mate mateIn2 short,https://lichess.org/SctCD3fJ#43, Qxd8 Nf3+ Kh1 Qxg2#,3Q4/p1p2ppp/4k3/8/5P2/4Pn2/Pr4qP/3R1R1K w - - 0 24,3Q4/p1p2ppp/4k3/8/5P2/4P3/Prqn2PP/3R1RK1 b - - 0 22,3Q4/p1p2ppp/4k3/8/5P2/4P3/Prqn2PP/3R1RK1,b,-,-,18,"P a2, p a7, r b2, q c2, p c7, R d1, n d2, Q d8, P e3, k e6, R f1, P f4, p f7, K g1, P g2, p g7, P h2, p h7",69
8/7Q/3p1kp1/1p6/2b5/2P4P/5PPK/4q3 b - - 8 36,e1c3 h7h8 f6e6 h8c3,1376,crushing endgame short skewer,https://lichess.org/KQDr21Ph/black#72, Qxc3 Qh8+ Ke6 Qxc3,8/8/3pk1p1/1p6/2b5/2Q4P/5PPK/8 b - - 0 38,8/7Q/3p1kp1/1p6/2b5/2q4P/5PPK/8 w - - 0 37,8/7Q/3p1kp1/1p6/2b5/2q4P/5PPK/8,w,-,-,11,"p b5, q c3, b c4, p d6, P f2, k f6, P g2, p g6, K h2, P h3, Q h7",70
r6k/3NR1p1/4n2p/5b2/p6P/6R1/8/6K1 w - - 2 43,h4h5 a4a3 g3a3 a8a3 e7e8 h8h7,1544,advantage endgame long,https://lichess.org/SFxNjHBp#85, h5 a3 Rxa3 Rxa3 Re8+ Kh7,4R3/3N2pk/4n2p/5b1P/8/r7/8/6K1 w - - 2 46,r6k/3NR1p1/4n2p/5b1P/p7/6R1/8/6K1 b - - 0 43,r6k/3NR1p1/4n2p/5b1P/p7/6R1/8/6K1,b,-,-,12,"p a4, r a8, N d7, n e6, R e7, b f5, K g1, R g3, p g7, P h5, p h6, k h8",71
br1qkb1r/p1pp1ppp/4Pn2/6B1/3Qn3/5NP1/P3PPBP/RN1R2K1 b k - 0 15,d7e6 d4a4 d8d7 d1d7,1892,crushing opening short,https://lichess.org/KxeQFmHl/black#30, dxe6 Qa4+ Qd7 Rxd7,br2kb1r/p1pR1ppp/4pn2/6B1/Q3n3/5NP1/P3PPBP/RN4K1 b k - 0 17,br1qkb1r/p1p2ppp/4pn2/6B1/3Qn3/5NP1/P3PPBP/RN1R2K1 w k - 0 16,br1qkb1r/p1p2ppp/4pn2/6B1/3Qn3/5NP1/P3PPBP/RN1R2K1,w,k,-,27,"R a1, P a2, p a7, b a8, N b1, r b8, p c7, R d1, Q d4, q d8, P e2, n e4, p e6, k e8, P f2, N f3, n f6, p f7, b f8, K g1, B g2, P g3, B g5, p g7, P h2, p h7, r h8",72
8/8/2B2p1p/P4Pp1/3p1kP1/1b1Pb2P/8/4K3 b - - 0 50,f4g3 a5a6 b3c4 a6a7,1344,advancedPawn bishopEndgame crushing endgame short,https://lichess.org/JBQDYKyD/black#100, Kg3 a6 Bc4 a7,8/P7/2B2p1p/5Pp1/2bp2P1/3Pb1kP/8/4K3 b - - 0 52,8/8/2B2p1p/P4Pp1/3p2P1/1b1Pb1kP/8/4K3 w - - 1 51,8/8/2B2p1p/P4Pp1/3p2P1/1b1Pb1kP/8/4K3,w,-,-,14,"P a5, b b3, B c6, P d3, p d4, K e1, b e3, P f5, p f6, k g3, P g4, p g5, P h3, p h6",73
2r3k1/p2q1pbp/1p2pnp1/nB1p4/3P4/1Pr1P2P/P1QB1PP1/2R2RK1 w - - 0 19,b5d7 c3c2 d7c8 c2d2,1777,advantage middlegame short,https://lichess.org/EtyflSie#37, Bxd7 Rxc2 Bxc8 Rxd2,2B3k1/p4pbp/1p2pnp1/n2p4/3P4/1P2P2P/P2r1PP1/2R2RK1 w - - 0 21,2r3k1/p2B1pbp/1p2pnp1/n2p4/3P4/1Pr1P2P/P1QB1PP1/2R2RK1 b - - 0 19,2r3k1/p2B1pbp/1p2pnp1/n2p4/3P4/1Pr1P2P/P1QB1PP1/2R2RK1,b,-,-,26,"P a2, n a5, p a7, P b3, p b6, R c1, Q c2, r c3, r c8, B d2, P d4, p d5, B d7, P e3, p e6, R f1, P f2, n f6, p f7, K g1, P g2, p g6, b g7, k g8, P h3, p h7",74
8/1R6/p1pk4/6bp/1QP5/P7/KP6/3r2q1 b - - 2 44,g1c5 b7d7 d6d7 b4c5,1211,advantage deflection endgame short,https://lichess.org/356BAYqk/black#88, Qc5 Rd7+ Kxd7 Qxc5,8/3k4/p1p5/2Q3bp/2P5/P7/KP6/3r4 b - - 0 46,8/1R6/p1pk4/2q3bp/1QP5/P7/KP6/3r4 w - - 3 45,8/1R6/p1pk4/2q3bp/1QP5/P7/KP6/3r4,w,-,-,13,"K a2, P a3, p a6, P b2, Q b4, R b7, P c4, q c5, p c6, r d1, k d6, b g5, p h5",75
8/4bkp1/R6P/4p3/Pp2P3/1P1rB3/6P1/6K1 b - - 0 33,d3e3 h6h7 e3e1 g1h2,1753,advancedPawn crushing endgame short,https://lichess.org/NQjprK7P/black#66, Rxe3 h7 Re1+ Kh2,8/4bkpP/R7/4p3/Pp2P3/1P6/6PK/4r3 b - - 2 35,8/4bkp1/R6P/4p3/Pp2P3/1P2r3/6P1/6K1 w - - 0 34,8/4bkp1/R6P/4p3/Pp2P3/1P2r3/6P1/6K1,w,-,-,13,"P a4, R a6, P b3, p b4, r e3, P e4, p e5, b e7, k f7, K g1, P g2, p g7, P h6",76
2K5/3P4/5b2/p1B5/P7/3k4/6p1/8 w - - 7 77,d7d8q f6d8 c8d8 d3c4,1738,crushing endgame short,https://lichess.org/b7iJvp5Z#153, d8=Q+ Bxd8 Kxd8 Kc4,3K4/8/8/p1B5/P1k5/8/6p1/8 w - - 1 79,2KQ4/8/5b2/p1B5/P7/3k4/6p1/8 b - - 0 77,2KQ4/8/5b2/p1B5/P7/3k4/6p1/8,b,-,-,8,"P a4, p a5, B c5, K c8, k d3, Q d8, b f6, p g2",77
r2qk2r/ppp2ppp/2n1b3/1B1N4/3b4/3P3P/P1P1QPP1/1R2K1NR w Kkq - 4 13,g1f3 d8d5 f3d4 d5d4 b5c6 b7c6,1572,advantage hangingPiece long middlegame,https://lichess.org/JCYgLgB2#25, Nf3 Qxd5 Nxd4 Qxd4 Bxc6+ bxc6,r3k2r/p1p2ppp/2p1b3/8/3q4/3P3P/P1P1QPP1/1R2K2R w Kkq - 0 16,r2qk2r/ppp2ppp/2n1b3/1B1N4/3b4/3P1N1P/P1P1QPP1/1R2K2R b Kkq - 5 13,r2qk2r/ppp2ppp/2n1b3/1B1N4/3b4/3P1N1P/P1P1QPP1/1R2K2R,b,Kkq,-,26,"P a2, p a7, r a8, R b1, B b5, p b7, P c2, n c6, p c7, P d3, b d4, N d5, q d8, K e1, Q e2, b e6, k e8, P f2, N f3, p f7, P g2, p g7, R h1, P h3, p h7, r h8",78
r4rk1/pp2bppp/2ppnn2/8/N1P1P3/q1P4P/P2N2PB/R2Q1R1K b - - 0 16,a8d8 d2b1 a3a4 d1a4,1541,advantage master middlegame short trappedPiece,https://lichess.org/IBbaWSo7/black#32, Rad8 Nb1 Qxa4 Qxa4,3r1rk1/pp2bppp/2ppnn2/8/Q1P1P3/2P4P/P5PB/RN3R1K b - - 0 18,3r1rk1/pp2bppp/2ppnn2/8/N1P1P3/q1P4P/P2N2PB/R2Q1R1K w - - 1 17,3r1rk1/pp2bppp/2ppnn2/8/N1P1P3/q1P4P/P2N2PB/R2Q1R1K,w,-,-,27,"R a1, P a2, q a3, N a4, p a7, p b7, P c3, P c4, p c6, Q d1, N d2, p d6, r d8, P e4, n e6, b e7, R f1, n f6, p f7, r f8, P g2, p g7, k g8, K h1, B h2, P h3, p h7",79
2r3k1/4R1pp/p1p2p2/2p5/2P5/1PbN3P/P4PP1/6K1 w - - 0 25,d3c5 c3b4 e7a7 b4c5,1455,advantage endgame short,https://lichess.org/SjQSgSG9#49, Nxc5 Bb4 Ra7 Bxc5,2r3k1/R5pp/p1p2p2/2b5/2P5/1P5P/P4PP1/6K1 w - - 0 27,2r3k1/4R1pp/p1p2p2/2N5/2P5/1Pb4P/P4PP1/6K1 b - - 0 25,2r3k1/4R1pp/p1p2p2/2N5/2P5/1Pb4P/P4PP1/6K1,b,-,-,17,"P a2, p a6, P b3, b c3, P c4, N c5, p c6, r c8, R e7, P f2, p f6, K g1, P g2, p g7, k g8, P h3, p h7",80
1rb1qrk1/6bp/2np4/2pNpp2/2P5/3P1B2/1B3PPP/1R1QR1K1 b - - 0 22,c8e6 d5c7 e8f7 c7e6,1707,crushing middlegame short,https://lichess.org/qNuFxL0D/black#44, Be6 Nc7 Qf7 Nxe6,1r3rk1/5qbp/2npN3/2p1pp2/2P5/3P1B2/1B3PPP/1R1QR1K1 b - - 0 24,1r2qrk1/6bp/2npb3/2pNpp2/2P5/3P1B2/1B3PPP/1R1QR1K1 w - - 1 23,1r2qrk1/6bp/2npb3/2pNpp2/2P5/3P1B2/1B3PPP/1R1QR1K1,w,-,-,24,"R b1, B b2, r b8, P c4, p c5, n c6, Q d1, P d3, N d5, p d6, R e1, p e5, b e6, q e8, P f2, B f3, p f5, r f8, K g1, P g2, b g7, k g8, P h2, p h7",81
3r2k1/1q3ppp/p2rp3/Qp1B4/7P/P4P2/1PP3P1/1K1R3R b - - 0 21,d6d5 a5d8 d5d8 d1d8,1470,backRankMate endgame mate mateIn2 short xRayAttack,https://lichess.org/6qWf8wOP/black#42, Rxd5 Qxd8+ Rxd8 Rxd8#,3R2k1/1q3ppp/p3p3/1p6/7P/P4P2/1PP3P1/1K5R b - - 0 23,3r2k1/1q3ppp/p3p3/Qp1r4/7P/P4P2/1PP3P1/1K1R3R w - - 0 22,3r2k1/1q3ppp/p3p3/Qp1r4/7P/P4P2/1PP3P1/1K1R3R,w,-,-,20,"P a3, Q a5, p a6, K b1, P b2, p b5, q b7, P c2, R d1, r d5, r d8, p e6, P f3, p f7, P g2, p g7, k g8, R h1, P h4, p h7",82
1r2kr2/pp3p1p/2b1pn2/4N3/2P5/1N1B4/P3KP1P/6R1 b - - 4 21,f6e4 e5c6 b7c6 d3e4,1337,advantage capturingDefender middlegame short,https://lichess.org/GN8F9TsL/black#42, Ne4 Nxc6 bxc6 Bxe4,1r2kr2/p4p1p/2p1p3/8/2P1B3/1N6/P3KP1P/6R1 b - - 0 23,1r2kr2/pp3p1p/2b1p3/4N3/2P1n3/1N1B4/P3KP1P/6R1 w - - 5 22,1r2kr2/pp3p1p/2b1p3/4N3/2P1n3/1N1B4/P3KP1P/6R1,w,-,-,19,"P a2, p a7, N b3, p b7, r b8, P c4, b c6, B d3, K e2, n e4, N e5, p e6, k e8, P f2, p f7, r f8, R g1, P h2, p h7",83
r6r/pp2kb2/3p1p1Q/1N1Pp3/3bP3/P2B2P1/1P4PP/7K w - - 6 28,h6d2 h8h2 h1h2 a8h8 d2h6 h8h6,1500,attraction kingsideAttack long mate mateIn3 middlegame sacrifice,https://lichess.org/ANKrgoJi#55, Qd2 Rxh2+ Kxh2 Rh8+ Qh6 Rxh6#,8/pp2kb2/3p1p1r/1N1Pp3/3bP3/P2B2P1/1P4PK/8 w - - 0 31,r6r/pp2kb2/3p1p2/1N1Pp3/3bP3/P2B2P1/1P1Q2PP/7K b - - 7 28,r6r/pp2kb2/3p1p2/1N1Pp3/3bP3/P2B2P1/1P1Q2PP/7K,b,-,-,21,"P a3, p a7, r a8, P b2, N b5, p b7, Q d2, B d3, b d4, P d5, p d6, P e4, p e5, k e7, p f6, b f7, P g2, P g3, K h1, P h2, r h8",84
8/5p1k/5Ppb/2p3P1/1p6/8/KB5Q/3q4 b - - 4 58,d1a4 a2b1 a4d1 b2c1,1394,endgame equality pin short,https://lichess.org/YqVcRoWF/black#116, Qa4+ Kb1 Qd1+ Bc1,8/5p1k/5Ppb/2p3P1/1p6/8/7Q/1KBq4 b - - 8 60,8/5p1k/5Ppb/2p3P1/qp6/8/KB5Q/8 w - - 5 59,8/5p1k/5Ppb/2p3P1/qp6/8/KB5Q/8,w,-,-,12,"K a2, q a4, B b2, p b4, p c5, P f6, p f7, P g5, p g6, Q h2, b h6, k h7",85
7R/8/8/6p1/2p1p1k1/2PbK2p/P7/8 w - - 4 71,e3f2 e4e3 f2e3 g4g3,1753,crushing defensiveMove endgame master short,https://lichess.org/JJZ8AIxT#141, Kf2 e3+ Kxe3 Kg3,7R/8/8/6p1/2p5/2PbK1kp/P7/8 w - - 1 73,7R/8/8/6p1/2p1p1k1/2Pb3p/P4K2/8 b - - 5 71,7R/8/8/6p1/2p1p1k1/2Pb3p/P4K2/8,b,-,-,10,"P a2, P c3, p c4, b d3, p e4, K f2, k g4, p g5, p h3, R h8",86
r2k2nr/pp2qBb1/3p3p/Q5p1/3n1B2/2N2R2/PPP3P1/R5K1 b - - 1 18,b7b6 a5d5 d4f3 g2f3 a8c8 f4d6,2020,advantage long middlegame sacrifice,https://lichess.org/sr8OoFsx/black#36, b6 Qd5 Nxf3+ gxf3 Rc8 Bxd6,2rk2nr/p3qBb1/1p1B3p/3Q2p1/8/2N2P2/PPP5/R5K1 b - - 0 21,r2k2nr/p3qBb1/1p1p3p/Q5p1/3n1B2/2N2R2/PPP3P1/R5K1 w - - 0 19,r2k2nr/p3qBb1/1p1p3p/Q5p1/3n1B2/2N2R2/PPP3P1/R5K1,w,-,-,23,"R a1, P a2, Q a5, p a7, r a8, P b2, p b6, P c2, N c3, n d4, p d6, k d8, q e7, R f3, B f4, B f7, K g1, P g2, p g5, b g7, n g8, p h6, r h8",87
8/8/3p4/4kp2/1pP3pP/1RbK2P1/8/8 w - - 2 42,b3c3 b4c3 d3c3 f5f4 c3d3 f4g3,1509,crushing endgame long,https://lichess.org/y0n2EkgP#83, Rxc3 bxc3 Kxc3 f4 Kd3 fxg3,8/8/3p4/4k3/2P3pP/3K2p1/8/8 w - - 0 45,8/8/3p4/4kp2/1pP3pP/2RK2P1/8/8 b - - 0 42,8/8/3p4/4kp2/1pP3pP/2RK2P1/8/8,b,-,-,10,"p b4, R c3, P c4, K d3, p d6, k e5, p f5, P g3, p g4, P h4",88
5r1k/6b1/3p3p/1P1q2pQ/r5P1/3p1N1P/3R2P1/4R2K w - - 2 34,e1d1 f8f3 g2f3 d5f3,1359,crushing middlegame short,https://lichess.org/PJQUqCX1#67, Red1 Rxf3 gxf3 Qxf3+,7k/6b1/3p3p/1P4pQ/r5P1/3p1q1P/3R4/3R3K w - - 0 36,5r1k/6b1/3p3p/1P1q2pQ/r5P1/3p1N1P/3R2P1/3R3K b - - 3 34,5r1k/6b1/3p3p/1P1q2pQ/r5P1/3p1N1P/3R2P1/3R3K,b,-,-,18,"r a4, P b5, R d1, R d2, p d3, q d5, p d6, N f3, r f8, P g2, P g4, p g5, b g7, K h1, P h3, Q h5, p h6, k h8",89
2r1q1k1/8/b2b1r1p/Pp1pNpp1/3Pn3/1RPQ3P/P1B1NPP1/4R1K1 w - - 3 28,a2a4 b5a4 d3a6 a4b3,1344,advantage middlegame short,https://lichess.org/fswqBBFw#55, a4 bxa4 Qxa6 axb3,2r1q1k1/8/Q2b1r1p/P2pNpp1/3Pn3/1pP4P/2B1NPP1/4R1K1 w - - 0 30,2r1q1k1/8/b2b1r1p/Pp1pNpp1/P2Pn3/1RPQ3P/2B1NPP1/4R1K1 b - - 0 28,2r1q1k1/8/b2b1r1p/Pp1pNpp1/P2Pn3/1RPQ3P/2B1NPP1/4R1K1,b,-,-,26,"P a4, P a5, b a6, R b3, p b5, B c2, P c3, r c8, Q d3, P d4, p d5, b d6, R e1, N e2, n e4, N e5, q e8, P f2, p f5, r f6, K g1, P g2, p g5, k g8, P h3, p h6",90
Q5k1/5q2/p2p4/b1p1pr2/P7/6P1/4KP1R/8 b - - 3 38,g8g7 a8h8 g7g6 h8h6,1157,endgame mate mateIn2 short,https://lichess.org/yKolw9vl/black#76, Kg7 Qh8+ Kg6 Qh6#,8/5q2/p2p2kQ/b1p1pr2/P7/6P1/4KP1R/8 b - - 7 40,Q7/5qk1/p2p4/b1p1pr2/P7/6P1/4KP1R/8 w - - 4 39,Q7/5qk1/p2p4/b1p1pr2/P7/6P1/4KP1R/8,w,-,-,14,"P a4, b a5, p a6, Q a8, p c5, p d6, K e2, p e5, P f2, r f5, q f7, P g3, k g7, R h2",91
5rk1/bpp3pp/p1npb3/4p3/1P2Nr1q/P1PP3P/1B1QBPR1/2K3R1 b - - 2 21,h4h3 g2g7 g8h8 e4g5,1761,crushing kingsideAttack middlegame short,https://lichess.org/PgppfwbE/black#42, Qxh3 Rxg7+ Kh8 Ng5,5r1k/bpp3Rp/p1npb3/4p1N1/1P3r2/P1PP3q/1B1QBP2/2K3R1 b - - 2 23,5rk1/bpp3pp/p1npb3/4p3/1P2Nr2/P1PP3q/1B1QBPR1/2K3R1 w - - 0 22,5rk1/bpp3pp/p1npb3/4p3/1P2Nr2/P1PP3q/1B1QBPR1/2K3R1,w,-,-,26,"P a3, p a6, b a7, B b2, P b4, p b7, K c1, P c3, n c6, p c7, Q d2, P d3, p d6, B e2, N e4, p e5, b e6, P f2, r f4, r f8, R g1, R g2, p g7, k g8, q h3, p h7",92
rnq2r2/pp3pbk/3p1n2/2pPpPQ1/2P1P3/2N2NP1/PP4KP/R4R2 b - - 2 18,f8g8 g5h4 g7h6 h4f6,1697,crushing deflection middlegame short,https://lichess.org/RKX1Co2s/black#36, Rg8 Qh4+ Bh6 Qxf6,rnq3r1/pp3p1k/3p1Q1b/2pPpP2/2P1P3/2N2NP1/PP4KP/R4R2 b - - 0 20,rnq3r1/pp3pbk/3p1n2/2pPpPQ1/2P1P3/2N2NP1/PP4KP/R4R2 w - - 3 19,rnq3r1/pp3pbk/3p1n2/2pPpPQ1/2P1P3/2N2NP1/PP4KP/R4R2,w,-,-,27,"R a1, P a2, p a7, r a8, P b2, p b7, n b8, N c3, P c4, p c5, q c8, P d5, p d6, P e4, p e5, R f1, N f3, P f5, n f6, p f7, K g2, P g3, Q g5, b g7, r g8, P h2, k h7",93
8/p5pk/1p3b1p/3r3P/6P1/3nBN2/P4PK1/4R3 w - - 3 30,e1d1 d3f4 e3f4 d5d1,1079,crushing discoveredAttack endgame short,https://lichess.org/T0mRW37D#59, Rd1 Nf4+ Bxf4 Rxd1,8/p5pk/1p3b1p/7P/5BP1/5N2/P4PK1/3r4 w - - 0 32,8/p5pk/1p3b1p/3r3P/6P1/3nBN2/P4PK1/3R4 b - - 4 30,8/p5pk/1p3b1p/3r3P/6P1/3nBN2/P4PK1/3R4,b,-,-,16,"P a2, p a7, p b6, R d1, n d3, r d5, B e3, P f2, N f3, b f6, K g2, P g4, p g7, P h5, p h6, k h7",94
2k4r/pp3pp1/4pn2/2np2p1/8/1B1P1Pq1/PPPN1R2/R2Q3K w - - 6 20,f2h2 g3h2,728,kingsideAttack mate mateIn1 middlegame oneMove,https://lichess.org/AKiNfVd0#39, Rh2 Qxh2#,2k4r/pp3pp1/4pn2/2np2p1/8/1B1P1P2/PPPN3q/R2Q3K w - - 0 21,2k4r/pp3pp1/4pn2/2np2p1/8/1B1P1Pq1/PPPN3R/R2Q3K b - - 7 20,2k4r/pp3pp1/4pn2/2np2p1/8/1B1P1Pq1/PPPN3R/R2Q3K,b,-,-,23,"R a1, P a2, p a7, P b2, B b3, p b7, P c2, n c5, k c8, Q d1, N d2, P d3, p d5, p e6, P f3, n f6, p f7, q g3, p g5, p g7, K h1, R h2, r h8",95
r2qk2r/1pp2ppp/p1pb1n2/4P3/3Q4/2N2b2/PPP2PPP/R1B2RK1 w kq - 0 10,e5f6 d6h2 g1h2 d8d4,1319,crushing discoveredAttack kingsideAttack middlegame short,https://lichess.org/EqbT8Dsc#19, exf6 Bxh2+ Kxh2 Qxd4,r3k2r/1pp2ppp/p1p2P2/8/3q4/2N2b2/PPP2PPK/R1B2R2 w kq - 0 12,r2qk2r/1pp2ppp/p1pb1P2/8/3Q4/2N2b2/PPP2PPP/R1B2RK1 b kq - 0 10,r2qk2r/1pp2ppp/p1pb1P2/8/3Q4/2N2b2/PPP2PPP/R1B2RK1,b,kq,-,26,"R a1, P a2, p a6, r a8, P b2, p b7, B c1, P c2, N c3, p c6, p c7, Q d4, b d6, q d8, k e8, R f1, P f2, b f3, P f6, p f7, K g1, P g2, p g7, P h2, p h7, r h8",96
5rk1/4bppp/4b3/1p1pPpPP/2pP4/2P5/rqNQKP2/2RRN3 b - - 5 23,e7a3 c1b1 b2b3 b1b3,1648,advantage middlegame short trappedPiece,https://lichess.org/bT7kcwFH/black#46, Ba3 Rb1 Qb3 Rxb3,5rk1/5ppp/4b3/1p1pPpPP/2pP4/bRP5/r1NQKP2/3RN3 b - - 0 25,5rk1/5ppp/4b3/1p1pPpPP/2pP4/b1P5/rqNQKP2/2RRN3 w - - 6 24,5rk1/5ppp/4b3/1p1pPpPP/2pP4/b1P5/rqNQKP2/2RRN3,w,-,-,25,"r a2, b a3, q b2, p b5, R c1, N c2, P c3, p c4, R d1, Q d2, P d4, p d5, N e1, K e2, P e5, b e6, P f2, p f5, p f7, r f8, P g5, p g7, k g8, P h5, p h7",97
8/2p1N1p1/3r3p/6k1/3p4/6P1/6KP/3R4 w - - 0 42,h2h4 g5f6,1277,defensiveMove endgame equality oneMove,https://lichess.org/dlF3OKdi#83, h4+ Kf6,8/2p1N1p1/3r1k1p/8/3p3P/6P1/6K1/3R4 w - - 1 43,8/2p1N1p1/3r3p/6k1/3p3P/6P1/6K1/3R4 b - - 0 42,8/2p1N1p1/3r3p/6k1/3p3P/6P1/6K1/3R4,b,-,-,11,"p c7, R d1, p d4, r d6, N e7, K g2, P g3, k g5, p g7, P h4, p h6",98
7Q/8/8/1pk5/8/4K3/2q5/8 b - - 14 57,c2b3 e3d2,1079,defensiveMove endgame equality oneMove queenEndgame,https://lichess.org/zZ3pnt2j/black#114, Qb3+ Kd2,7Q/8/8/1pk5/8/1q6/3K4/8 b - - 16 58,7Q/8/8/1pk5/8/1q2K3/8/8 w - - 15 58,7Q/8/8/1pk5/8/1q2K3/8/8,w,-,-,5,"q b3, p b5, k c5, K e3, Q h8",99
3rr1k1/p4pp1/1pp4p/3pPQ2/1P3P2/2P3qP/P2R2P1/5RK1 w - - 1 24,f1f3 g3e1 g1h2 e1d2,1008,crushing endgame fork short,https://lichess.org/FrMf0UcF#47, Rf3 Qe1+ Kh2 Qxd2,3rr1k1/p4pp1/1pp4p/3pPQ2/1P3P2/2P2R1P/P2q2PK/8 w - - 0 26,3rr1k1/p4pp1/1pp4p/3pPQ2/1P3P2/2P2RqP/P2R2P1/6K1 b - - 2 24,3rr1k1/p4pp1/1pp4p/3pPQ2/1P3P2/2P2RqP/P2R2P1/6K1,b,-,-,22,"P a2, p a7, P b4, p b6, P c3, p c6, R d2, p d5, r d8, P e5, r e8, R f3, P f4, Q f5, p f7, K g1, P g2, q g3, p g7, k g8, P h3, p h6",100
